id,brand,model,plate,price,color,description,horsePower,doors,picture,type,customer
XRK3ok1ttai1ZLazR6f9,Aston Martin,DBS,58-5617N,2122227,Black,Your line born beyond me.,1077,four,"{'url': 'https://firebasestorage.googleapis.com/v0/b/concesionarios-baca.firebasestorage.app/o/uploads%2Fprueba-aston-martin-dbs-770-ultimate-3053200.webp?alt=media&token=4a375921-7366-4ce1-b7c6-4fe6f153b486', 'large': 'https://firebasestorage.googleapis.com/v0/b/concesionarios-baca.firebasestorage.app/o/uploads%2Fprueba-aston-martin-dbs-770-ultimate-3053200.webp?alt=media&token=4a375921-7366-4ce1-b7c6-4fe6f153b486', 'medium': 'https://firebasestorage.googleapis.com/v0/b/concesionarios-baca.firebasestorage.app/o/uploads%2Fprueba-aston-martin-dbs-770-ultimate-3053200.webp?alt=media&token=4a375921-7366-4ce1-b7c6-4fe6f153b486', 'small': 'https://firebasestorage.googleapis.com/v0/b/concesionarios-baca.firebasestorage.app/o/uploads%2Fprueba-aston-martin-dbs-770-ultimate-3053200.webp?alt=media&token=4a375921-7366-4ce1-b7c6-4fe6f153b486', 'thumbnail': 'https://firebasestorage.googleapis.com/v0/b/concesionarios-baca.firebasestorage.app/o/uploads%2Fprueba-aston-martin-dbs-770-ultimate-3053200.webp?alt=media&token=4a375921-7366-4ce1-b7c6-4fe6f153b486'}",Coupe,
bDBsg2ellYIc5TFUFiZz,Aston Martin,DBS Superleggera,5316CRQ,310000,Verde,V12 biturbo,715,two,"{'url': 'https://firebasestorage.googleapis.com/v0/b/concesionarios-baca.firebasestorage.app/o/uploads%2F1741336078054_xrarktpdqr?alt=media&token=d3a44434-7c6f-4df8-b480-f67d6a50e7c6', 'large': 'https://firebasestorage.googleapis.com/v0/b/concesionarios-baca.firebasestorage.app/o/uploads%2F1741336078054_xrarktpdqr?alt=media&token=d3a44434-7c6f-4df8-b480-f67d6a50e7c6', 'medium': 'https://firebasestorage.googleapis.com/v0/b/concesionarios-baca.firebasestorage.app/o/uploads%2F1741336078054_xrarktpdqr?alt=media&token=d3a44434-7c6f-4df8-b480-f67d6a50e7c6', 'small': 'https://firebasestorage.googleapis.com/v0/b/concesionarios-baca.firebasestorage.app/o/uploads%2F1741336078054_xrarktpdqr?alt=media&token=d3a44434-7c6f-4df8-b480-f67d6a50e7c6', 'thumbnail': 'https://firebasestorage.googleapis.com/v0/b/concesionarios-baca.firebasestorage.app/o/uploads%2F1741336078054_xrarktpdqr?alt=media&token=d3a44434-7c6f-4df8-b480-f67d6a50e7c6'}",Coupé,
qhLXC5EKJvOOnAbxAiuP,Aston Martin,Valhalla,145-CVN,2362805,Red,State stand seven sing recently new.,846,four,No data,Sport,
uZ3KpLlRAkb7kXnOmqjz,Aston Martin,Rapide,DXY-748,2237183,Orange,Yet recent vote north wish yard.,543,four,No data,Convertible,
x05H3fUmsoDzAWoszieC,Aston Martin,DB11,132 RE3,287831,Green,Break war garden stand price those.,607,four,No data,Coupe,
xGm0ZzQkELcD6HBfk67X,Aston Martin,Vantage,2-52781G,1927479,Blue,Reveal too government budget.,427,four,No data,Convertible,fD6BDbia33S3cuTjYPWP8ePn1LW2
5AGtUU9okxvaWRZDG2LC,Bentley,Continental GT Speed,2837HQW,280000,Verde,Motor W12 y tracción total,650,two,"{'url': 'https://firebasestorage.googleapis.com/v0/b/concesionarios-baca.firebasestorage.app/o/uploads%2F1741338182126_owzqpag3im?alt=media&token=769a11b7-677b-47e1-b752-dd337a764cb9', 'large': 'https://firebasestorage.googleapis.com/v0/b/concesionarios-baca.firebasestorage.app/o/uploads%2F1741338182126_owzqpag3im?alt=media&token=769a11b7-677b-47e1-b752-dd337a764cb9', 'medium': 'https://firebasestorage.googleapis.com/v0/b/concesionarios-baca.firebasestorage.app/o/uploads%2F1741338182126_owzqpag3im?alt=media&token=769a11b7-677b-47e1-b752-dd337a764cb9', 'small': 'https://firebasestorage.googleapis.com/v0/b/concesionarios-baca.firebasestorage.app/o/uploads%2F1741338182126_owzqpag3im?alt=media&token=769a11b7-677b-47e1-b752-dd337a764cb9', 'thumbnail': 'https://firebasestorage.googleapis.com/v0/b/concesionarios-baca.firebasestorage.app/o/uploads%2F1741338182126_owzqpag3im?alt=media&token=769a11b7-677b-47e1-b752-dd337a764cb9'}",Coupé,
4isPPwvYOpQ7wYO1FmXI,Bugatti,Divo,516-MDC,2536662,Silver,Good those top brother charge something run.,709,three,"{'url': 'https://firebasestorage.googleapis.com/v0/b/concesionarios-baca.firebasestorage.app/o/uploads%2Fbugatti-divo-principal-soymotor.jpg?alt=media&token=999d0c49-4cb6-4c08-9e84-b15198182525', 'large': 'https://firebasestorage.googleapis.com/v0/b/concesionarios-baca.firebasestorage.app/o/uploads%2Fbugatti-divo-principal-soymotor.jpg?alt=media&token=999d0c49-4cb6-4c08-9e84-b15198182525', 'medium': 'https://firebasestorage.googleapis.com/v0/b/concesionarios-baca.firebasestorage.app/o/uploads%2Fbugatti-divo-principal-soymotor.jpg?alt=media&token=999d0c49-4cb6-4c08-9e84-b15198182525', 'small': 'https://firebasestorage.googleapis.com/v0/b/concesionarios-baca.firebasestorage.app/o/uploads%2Fbugatti-divo-principal-soymotor.jpg?alt=media&token=999d0c49-4cb6-4c08-9e84-b15198182525', 'thumbnail': 'https://firebasestorage.googleapis.com/v0/b/concesionarios-baca.firebasestorage.app/o/uploads%2Fbugatti-divo-principal-soymotor.jpg?alt=media&token=999d0c49-4cb6-4c08-9e84-b15198182525'}",SUV,
H7zfmoj8dmWEcrTUYGTr,Bugatti,Centodieci,AIR-951,2584034,Yellow,Decade then this certain loss different short.,1042,three,"{'url': 'https://firebasestorage.googleapis.com/v0/b/concesionarios-baca.firebasestorage.app/o/uploads%2Fbugatti-centodieci-in-vendita-all-asta-di-rm-sotheby-s.jpg?alt=media&token=29e3c9a1-bf58-4d65-8379-5c2bfe8ca64c', 'large': 'https://firebasestorage.googleapis.com/v0/b/concesionarios-baca.firebasestorage.app/o/uploads%2Fbugatti-centodieci-in-vendita-all-asta-di-rm-sotheby-s.jpg?alt=media&token=29e3c9a1-bf58-4d65-8379-5c2bfe8ca64c', 'medium': 'https://firebasestorage.googleapis.com/v0/b/concesionarios-baca.firebasestorage.app/o/uploads%2Fbugatti-centodieci-in-vendita-all-asta-di-rm-sotheby-s.jpg?alt=media&token=29e3c9a1-bf58-4d65-8379-5c2bfe8ca64c', 'small': 'https://firebasestorage.googleapis.com/v0/b/concesionarios-baca.firebasestorage.app/o/uploads%2Fbugatti-centodieci-in-vendita-all-asta-di-rm-sotheby-s.jpg?alt=media&token=29e3c9a1-bf58-4d65-8379-5c2bfe8ca64c', 'thumbnail': 'https://firebasestorage.googleapis.com/v0/b/concesionarios-baca.firebasestorage.app/o/uploads%2Fbugatti-centodieci-in-vendita-all-asta-di-rm-sotheby-s.jpg?alt=media&token=29e3c9a1-bf58-4d65-8379-5c2bfe8ca64c'}",Convertible,
lO12FQJnTcSnR6y5F80E,Bugatti,Veyron,XP-0938,2145475,White,Pressure five service organization course join.,570,four,No data,Coupe,M8zqBVL1cBawnB5TUI3VdT8ILe12
uoo2jjAMckNdHTgiFYLp,Bugatti,Chiron,800 ABV,2402405,Red,Month respond quality tree form mission.,509,four,No data,SUV,
vvg3sGJTpXJtdU1hFyuz,Bugatti,Chiron Super Sport 300,8214KLQ,3500000,Naranja y negro,Capaz de superar los 482 km/h,1600,two,"{'url': 'https://firebasestorage.googleapis.com/v0/b/concesionarios-baca.firebasestorage.app/o/uploads%2F1741304486703_kvzi3ho741?alt=media&token=3361c70d-0d1f-4863-b829-7b014d998908', 'large': 'https://firebasestorage.googleapis.com/v0/b/concesionarios-baca.firebasestorage.app/o/uploads%2F1741304486703_kvzi3ho741?alt=media&token=3361c70d-0d1f-4863-b829-7b014d998908', 'medium': 'https://firebasestorage.googleapis.com/v0/b/concesionarios-baca.firebasestorage.app/o/uploads%2F1741304486703_kvzi3ho741?alt=media&token=3361c70d-0d1f-4863-b829-7b014d998908', 'small': 'https://firebasestorage.googleapis.com/v0/b/concesionarios-baca.firebasestorage.app/o/uploads%2F1741304486703_kvzi3ho741?alt=media&token=3361c70d-0d1f-4863-b829-7b014d998908', 'thumbnail': 'https://firebasestorage.googleapis.com/v0/b/concesionarios-baca.firebasestorage.app/o/uploads%2F1741304486703_kvzi3ho741?alt=media&token=3361c70d-0d1f-4863-b829-7b014d998908'}",Coupé,
zSm4Cq87dLEkWi8OFU6F,Bugatti,Bolide,83QV8,2052645,Blue,Find right study nice.,354,four,No data,Hypercar,ytJp6eiCPHXqYz6NSAMR690sq5E3
9GGM4dfv0PVOlb9WYFXm,Ferrari,SF90 Stradale,RBE G95,2426748,Orange,However teach grow six realize join.,736,two,"{'url': 'https://firebasestorage.googleapis.com/v0/b/concesionarios-baca.firebasestorage.app/o/uploads%2Fferrari-sf90-xx-stradale.jpg?alt=media&token=7ade20b1-1b2a-4aba-9b5e-d6f7113c0272', 'large': 'https://firebasestorage.googleapis.com/v0/b/concesionarios-baca.firebasestorage.app/o/uploads%2Fferrari-sf90-xx-stradale.jpg?alt=media&token=7ade20b1-1b2a-4aba-9b5e-d6f7113c0272', 'medium': 'https://firebasestorage.googleapis.com/v0/b/concesionarios-baca.firebasestorage.app/o/uploads%2Fferrari-sf90-xx-stradale.jpg?alt=media&token=7ade20b1-1b2a-4aba-9b5e-d6f7113c0272', 'small': 'https://firebasestorage.googleapis.com/v0/b/concesionarios-baca.firebasestorage.app/o/uploads%2Fferrari-sf90-xx-stradale.jpg?alt=media&token=7ade20b1-1b2a-4aba-9b5e-d6f7113c0272', 'thumbnail': 'https://firebasestorage.googleapis.com/v0/b/concesionarios-baca.firebasestorage.app/o/uploads%2Fferrari-sf90-xx-stradale.jpg?alt=media&token=7ade20b1-1b2a-4aba-9b5e-d6f7113c0272'}",Hypercar,
FRY5KO91pNRsLgBv4Keu,Ferrari,812 Superfast,00RV391,2327282,Yellow,Today help whole.,1518,three,"{'url': 'https://firebasestorage.googleapis.com/v0/b/concesionarios-baca.firebasestorage.app/o/uploads%2Fbig_full_4.jpeg?alt=media&token=882193b1-14f5-4c5e-8a42-beca6b77e99d', 'large': 'https://firebasestorage.googleapis.com/v0/b/concesionarios-baca.firebasestorage.app/o/uploads%2Fbig_full_4.jpeg?alt=media&token=882193b1-14f5-4c5e-8a42-beca6b77e99d', 'medium': 'https://firebasestorage.googleapis.com/v0/b/concesionarios-baca.firebasestorage.app/o/uploads%2Fbig_full_4.jpeg?alt=media&token=882193b1-14f5-4c5e-8a42-beca6b77e99d', 'small': 'https://firebasestorage.googleapis.com/v0/b/concesionarios-baca.firebasestorage.app/o/uploads%2Fbig_full_4.jpeg?alt=media&token=882193b1-14f5-4c5e-8a42-beca6b77e99d', 'thumbnail': 'https://firebasestorage.googleapis.com/v0/b/concesionarios-baca.firebasestorage.app/o/uploads%2Fbig_full_4.jpeg?alt=media&token=882193b1-14f5-4c5e-8a42-beca6b77e99d'}",Hypercar,
LskClMzUxktJtJSnwPbu,Ferrari,F40,5178JFQ,1500000,Rojo,Clásico con un V8 atmosférico,358,two,"{'url': 'https://firebasestorage.googleapis.com/v0/b/concesionarios-baca.firebasestorage.app/o/uploads%2F1741346326189_tu4zrirbpd?alt=media&token=7ee401b3-d429-46d8-a61f-4dbafdc1b888', 'large': 'https://firebasestorage.googleapis.com/v0/b/concesionarios-baca.firebasestorage.app/o/uploads%2F1741346326189_tu4zrirbpd?alt=media&token=7ee401b3-d429-46d8-a61f-4dbafdc1b888', 'medium': 'https://firebasestorage.googleapis.com/v0/b/concesionarios-baca.firebasestorage.app/o/uploads%2F1741346326189_tu4zrirbpd?alt=media&token=7ee401b3-d429-46d8-a61f-4dbafdc1b888', 'small': 'https://firebasestorage.googleapis.com/v0/b/concesionarios-baca.firebasestorage.app/o/uploads%2F1741346326189_tu4zrirbpd?alt=media&token=7ee401b3-d429-46d8-a61f-4dbafdc1b888', 'thumbnail': 'https://firebasestorage.googleapis.com/v0/b/concesionarios-baca.firebasestorage.app/o/uploads%2F1741346326189_tu4zrirbpd?alt=media&token=7ee401b3-d429-46d8-a61f-4dbafdc1b888'}",Coupé,ytJp6eiCPHXqYz6NSAMR690sq5E3
bWQUTveNy4tLOHkbHfEm,Ferrari,SF90 Stradale,3598 JBR,515000,Rojo,Híbrido enchufable,1000,two,"{'url': 'https://firebasestorage.googleapis.com/v0/b/concesionarios-baca.firebasestorage.app/o/uploads%2F1741192233114_j12r6ulx8k?alt=media&token=64a0a7c6-5cbc-410a-8467-a6c5b30f3f40', 'large': 'https://firebasestorage.googleapis.com/v0/b/concesionarios-baca.firebasestorage.app/o/uploads%2F1741192233114_j12r6ulx8k?alt=media&token=64a0a7c6-5cbc-410a-8467-a6c5b30f3f40', 'medium': 'https://firebasestorage.googleapis.com/v0/b/concesionarios-baca.firebasestorage.app/o/uploads%2F1741192233114_j12r6ulx8k?alt=media&token=64a0a7c6-5cbc-410a-8467-a6c5b30f3f40', 'small': 'https://firebasestorage.googleapis.com/v0/b/concesionarios-baca.firebasestorage.app/o/uploads%2F1741192233114_j12r6ulx8k?alt=media&token=64a0a7c6-5cbc-410a-8467-a6c5b30f3f40', 'thumbnail': 'https://firebasestorage.googleapis.com/v0/b/concesionarios-baca.firebasestorage.app/o/uploads%2F1741192233114_j12r6ulx8k?alt=media&token=64a0a7c6-5cbc-410a-8467-a6c5b30f3f40'}",Coupé,
fye1I3w40Sdfa4NXuPnr,Ferrari,Portofino,7TZR508,1259101,Blue,Discuss wear small collection responsibility technology with.,1271,four,"{'url': 'https://firebasestorage.googleapis.com/v0/b/concesionarios-baca.firebasestorage.app/o/uploads%2Fferrari_portofino-2017_r7.webp?alt=media&token=db317c6d-733a-4bd0-b2e2-c0c3f33cf85f', 'large': 'https://firebasestorage.googleapis.com/v0/b/concesionarios-baca.firebasestorage.app/o/uploads%2Fferrari_portofino-2017_r7.webp?alt=media&token=db317c6d-733a-4bd0-b2e2-c0c3f33cf85f', 'medium': 'https://firebasestorage.googleapis.com/v0/b/concesionarios-baca.firebasestorage.app/o/uploads%2Fferrari_portofino-2017_r7.webp?alt=media&token=db317c6d-733a-4bd0-b2e2-c0c3f33cf85f', 'small': 'https://firebasestorage.googleapis.com/v0/b/concesionarios-baca.firebasestorage.app/o/uploads%2Fferrari_portofino-2017_r7.webp?alt=media&token=db317c6d-733a-4bd0-b2e2-c0c3f33cf85f', 'thumbnail': 'https://firebasestorage.googleapis.com/v0/b/concesionarios-baca.firebasestorage.app/o/uploads%2Fferrari_portofino-2017_r7.webp?alt=media&token=db317c6d-733a-4bd0-b2e2-c0c3f33cf85f'}",Hypercar,
orjGVfRvK4MLjQa8YQvi,Ferrari,Roma,HNI 859,731085,Yellow,Focus picture boy decision leave treat off.,665,three,No data,Convertible,
yXUM7e3vWWkTMOCDFE0t,Ferrari,F8 Tributo,536-RMW,2267292,Red,Short worker north cup will seem letter.,393,four,No data,SUV,
KCI0F0tR3663nQ0CnwcB,Koenigsegg,Regera,LUO 136,1843647,Red,Including happy action back.,600,two,"{'url': 'https://firebasestorage.googleapis.com/v0/b/concesionarios-baca.firebasestorage.app/o/uploads%2Fkoenigsegg-regera-mmp-1-1591115837.avif?alt=media&token=7d14eeca-8a6e-4119-bae3-dc32bdf10e34', 'large': 'https://firebasestorage.googleapis.com/v0/b/concesionarios-baca.firebasestorage.app/o/uploads%2Fkoenigsegg-regera-mmp-1-1591115837.avif?alt=media&token=7d14eeca-8a6e-4119-bae3-dc32bdf10e34', 'medium': 'https://firebasestorage.googleapis.com/v0/b/concesionarios-baca.firebasestorage.app/o/uploads%2Fkoenigsegg-regera-mmp-1-1591115837.avif?alt=media&token=7d14eeca-8a6e-4119-bae3-dc32bdf10e34', 'small': 'https://firebasestorage.googleapis.com/v0/b/concesionarios-baca.firebasestorage.app/o/uploads%2Fkoenigsegg-regera-mmp-1-1591115837.avif?alt=media&token=7d14eeca-8a6e-4119-bae3-dc32bdf10e34', 'thumbnail': 'https://firebasestorage.googleapis.com/v0/b/concesionarios-baca.firebasestorage.app/o/uploads%2Fkoenigsegg-regera-mmp-1-1591115837.avif?alt=media&token=7d14eeca-8a6e-4119-bae3-dc32bdf10e34'}",Sport,
oROlu36h9ytoK3JuY3C1,Koenigsegg,Gemera,2-26661P,848631,White,Camera area rather argue religious see reflect.,770,two,No data,Hypercar,
urC0H040CMU6zAchAbZo,Koenigsegg,Agera RS,98Y QN1,2609661,Green,Player worry suggest.,908,four,No data,Convertible,
wDlIUrYWWM1vC3gbV93l,Koenigsegg,CC850,452S0,2351688,Blue,No future decide theory add.,636,two,No data,Sport,fD6BDbia33S3cuTjYPWP8ePn1LW2
yhUahoOSu1l7Jl7b3SFg,Koenigsegg,Jesko,2Z 9X2JXX,1871934,Green,Future inside accept soon hair network.,784,three,No data,Sport,
OBZDbLayLbsaD3mgudsw,Lamborghini,Aventador SVJ,4537BQF,550000,Verde,Motor V12,770,two,"{'url': 'https://firebasestorage.googleapis.com/v0/b/concesionarios-baca.firebasestorage.app/o/uploads%2F1741279870706_m7xk5nq2lw?alt=media&token=26c222eb-d123-49e1-a412-f687f8bb543f', 'large': 'https://firebasestorage.googleapis.com/v0/b/concesionarios-baca.firebasestorage.app/o/uploads%2F1741279870706_m7xk5nq2lw?alt=media&token=26c222eb-d123-49e1-a412-f687f8bb543f', 'medium': 'https://firebasestorage.googleapis.com/v0/b/concesionarios-baca.firebasestorage.app/o/uploads%2F1741279870706_m7xk5nq2lw?alt=media&token=26c222eb-d123-49e1-a412-f687f8bb543f', 'small': 'https://firebasestorage.googleapis.com/v0/b/concesionarios-baca.firebasestorage.app/o/uploads%2F1741279870706_m7xk5nq2lw?alt=media&token=26c222eb-d123-49e1-a412-f687f8bb543f', 'thumbnail': 'https://firebasestorage.googleapis.com/v0/b/concesionarios-baca.firebasestorage.app/o/uploads%2F1741279870706_m7xk5nq2lw?alt=media&token=26c222eb-d123-49e1-a412-f687f8bb543f'}",Coupé,
QPSZLAAgzJwXqsWCrIvB,Lamborghini,Urus,8AF9140,2903444,Green,Least develop tell grow you.,608,two,"{'url': 'https://firebasestorage.googleapis.com/v0/b/concesionarios-baca.firebasestorage.app/o/uploads%2F17368437435604.jpg?alt=media&token=e62f6cd8-a770-4983-8a0a-6eb0e426dc86', 'large': 'https://firebasestorage.googleapis.com/v0/b/concesionarios-baca.firebasestorage.app/o/uploads%2F17368437435604.jpg?alt=media&token=e62f6cd8-a770-4983-8a0a-6eb0e426dc86', 'medium': 'https://firebasestorage.googleapis.com/v0/b/concesionarios-baca.firebasestorage.app/o/uploads%2F17368437435604.jpg?alt=media&token=e62f6cd8-a770-4983-8a0a-6eb0e426dc86', 'small': 'https://firebasestorage.googleapis.com/v0/b/concesionarios-baca.firebasestorage.app/o/uploads%2F17368437435604.jpg?alt=media&token=e62f6cd8-a770-4983-8a0a-6eb0e426dc86', 'thumbnail': 'https://firebasestorage.googleapis.com/v0/b/concesionarios-baca.firebasestorage.app/o/uploads%2F17368437435604.jpg?alt=media&token=e62f6cd8-a770-4983-8a0a-6eb0e426dc86'}",Coupe,
WDXc8QwV77FScvZMW3Zl,Lamborghini,Aventador,8O 8632T,1393714,Yellow,Yeah east star professional his group.,1181,two,"{'url': 'https://firebasestorage.googleapis.com/v0/b/concesionarios-baca.firebasestorage.app/o/uploads%2Fkxxsmpxaopxf5gzec22w.webp?alt=media&token=c623899a-7024-4352-8c64-5c58b8bb1af9', 'large': 'https://firebasestorage.googleapis.com/v0/b/concesionarios-baca.firebasestorage.app/o/uploads%2Fkxxsmpxaopxf5gzec22w.webp?alt=media&token=c623899a-7024-4352-8c64-5c58b8bb1af9', 'medium': 'https://firebasestorage.googleapis.com/v0/b/concesionarios-baca.firebasestorage.app/o/uploads%2Fkxxsmpxaopxf5gzec22w.webp?alt=media&token=c623899a-7024-4352-8c64-5c58b8bb1af9', 'small': 'https://firebasestorage.googleapis.com/v0/b/concesionarios-baca.firebasestorage.app/o/uploads%2Fkxxsmpxaopxf5gzec22w.webp?alt=media&token=c623899a-7024-4352-8c64-5c58b8bb1af9', 'thumbnail': 'https://firebasestorage.googleapis.com/v0/b/concesionarios-baca.firebasestorage.app/o/uploads%2Fkxxsmpxaopxf5gzec22w.webp?alt=media&token=c623899a-7024-4352-8c64-5c58b8bb1af9'}",Convertible,
qyC5LPTCEy5jxPBxGP6N,Lamborghini,Sian,07E N78,1310894,Yellow,Story yard participant million total respond race.,541,two,No data,Coupe,
vErAvetMlzFicAcce0KJ,Lamborghini,Revuelto,MLU3324,1188684,Red,Administration sometimes parent take executive.,896,three,No data,SUV,LR5O14I3PURJRq1qmWHu4ijebDs1
xPhha2mDli802ILcbacA,Lamborghini,Huracán,PHK 198,2206312,Green,Continue baby leg.,1374,two,No data,Sport,
B7Pn8V1gJqt2tDsBJ6WH,Lotus,Emira,PFL 672,1537446,Yellow,Dream first food admit either side people.,458,three,"{'url': 'https://firebasestorage.googleapis.com/v0/b/concesionarios-baca.firebasestorage.app/o/uploads%2Flotus-emira-v6-first-edition.webp?alt=media&token=0ef6258c-a84e-4064-b564-8692eef44841', 'large': 'https://firebasestorage.googleapis.com/v0/b/concesionarios-baca.firebasestorage.app/o/uploads%2Flotus-emira-v6-first-edition.webp?alt=media&token=0ef6258c-a84e-4064-b564-8692eef44841', 'medium': 'https://firebasestorage.googleapis.com/v0/b/concesionarios-baca.firebasestorage.app/o/uploads%2Flotus-emira-v6-first-edition.webp?alt=media&token=0ef6258c-a84e-4064-b564-8692eef44841', 'small': 'https://firebasestorage.googleapis.com/v0/b/concesionarios-baca.firebasestorage.app/o/uploads%2Flotus-emira-v6-first-edition.webp?alt=media&token=0ef6258c-a84e-4064-b564-8692eef44841', 'thumbnail': 'https://firebasestorage.googleapis.com/v0/b/concesionarios-baca.firebasestorage.app/o/uploads%2Flotus-emira-v6-first-edition.webp?alt=media&token=0ef6258c-a84e-4064-b564-8692eef44841'}",SUV,
CPf7dJcLu0IkTkpZTjra,Lotus,Evora,82V D20,694067,Red,Other movement reality.,1290,four,"{'url': 'https://firebasestorage.googleapis.com/v0/b/concesionarios-baca.firebasestorage.app/o/uploads%2Flotus-evora-gt430.webp?alt=media&token=a4589c19-4297-4417-8ce0-340edd8612ac', 'large': 'https://firebasestorage.googleapis.com/v0/b/concesionarios-baca.firebasestorage.app/o/uploads%2Flotus-evora-gt430.webp?alt=media&token=a4589c19-4297-4417-8ce0-340edd8612ac', 'medium': 'https://firebasestorage.googleapis.com/v0/b/concesionarios-baca.firebasestorage.app/o/uploads%2Flotus-evora-gt430.webp?alt=media&token=a4589c19-4297-4417-8ce0-340edd8612ac', 'small': 'https://firebasestorage.googleapis.com/v0/b/concesionarios-baca.firebasestorage.app/o/uploads%2Flotus-evora-gt430.webp?alt=media&token=a4589c19-4297-4417-8ce0-340edd8612ac', 'thumbnail': 'https://firebasestorage.googleapis.com/v0/b/concesionarios-baca.firebasestorage.app/o/uploads%2Flotus-evora-gt430.webp?alt=media&token=a4589c19-4297-4417-8ce0-340edd8612ac'}",Convertible,
SkkcUf6cBrief078g7xG,Lotus,Eletre,43DH895,412104,Black,Way member join though believe significant money.,751,four,"{'url': 'https://firebasestorage.googleapis.com/v0/b/concesionarios-baca.firebasestorage.app/o/uploads%2Flotus_eletre-s_solar-yellow_static_1.jpg?alt=media&token=4f0f1286-3077-4e04-b411-a3f035f2e1de', 'large': 'https://firebasestorage.googleapis.com/v0/b/concesionarios-baca.firebasestorage.app/o/uploads%2Flotus_eletre-s_solar-yellow_static_1.jpg?alt=media&token=4f0f1286-3077-4e04-b411-a3f035f2e1de', 'medium': 'https://firebasestorage.googleapis.com/v0/b/concesionarios-baca.firebasestorage.app/o/uploads%2Flotus_eletre-s_solar-yellow_static_1.jpg?alt=media&token=4f0f1286-3077-4e04-b411-a3f035f2e1de', 'small': 'https://firebasestorage.googleapis.com/v0/b/concesionarios-baca.firebasestorage.app/o/uploads%2Flotus_eletre-s_solar-yellow_static_1.jpg?alt=media&token=4f0f1286-3077-4e04-b411-a3f035f2e1de', 'thumbnail': 'https://firebasestorage.googleapis.com/v0/b/concesionarios-baca.firebasestorage.app/o/uploads%2Flotus_eletre-s_solar-yellow_static_1.jpg?alt=media&token=4f0f1286-3077-4e04-b411-a3f035f2e1de'}",Hypercar,
UX5pEe6ncdVnvAchrhjP,Lotus,Elise,CRC-0340,2433230,Silver,Eye affect understand upon.,924,three,"{'url': 'https://firebasestorage.googleapis.com/v0/b/concesionarios-baca.firebasestorage.app/o/uploads%2Felectric-lotus-elise-delayed-until-lighter-batteries-exist-v0-Pfo8m8BtFReS8eVkwlNdLrzrOV1iQDSgDZpDgSJtEBo.webp?alt=media&token=c97361ef-dd9f-48b3-9526-01c868dcd5f0', 'large': 'https://firebasestorage.googleapis.com/v0/b/concesionarios-baca.firebasestorage.app/o/uploads%2Felectric-lotus-elise-delayed-until-lighter-batteries-exist-v0-Pfo8m8BtFReS8eVkwlNdLrzrOV1iQDSgDZpDgSJtEBo.webp?alt=media&token=c97361ef-dd9f-48b3-9526-01c868dcd5f0', 'medium': 'https://firebasestorage.googleapis.com/v0/b/concesionarios-baca.firebasestorage.app/o/uploads%2Felectric-lotus-elise-delayed-until-lighter-batteries-exist-v0-Pfo8m8BtFReS8eVkwlNdLrzrOV1iQDSgDZpDgSJtEBo.webp?alt=media&token=c97361ef-dd9f-48b3-9526-01c868dcd5f0', 'small': 'https://firebasestorage.googleapis.com/v0/b/concesionarios-baca.firebasestorage.app/o/uploads%2Felectric-lotus-elise-delayed-until-lighter-batteries-exist-v0-Pfo8m8BtFReS8eVkwlNdLrzrOV1iQDSgDZpDgSJtEBo.webp?alt=media&token=c97361ef-dd9f-48b3-9526-01c868dcd5f0', 'thumbnail': 'https://firebasestorage.googleapis.com/v0/b/concesionarios-baca.firebasestorage.app/o/uploads%2Felectric-lotus-elise-delayed-until-lighter-batteries-exist-v0-Pfo8m8BtFReS8eVkwlNdLrzrOV1iQDSgDZpDgSJtEBo.webp?alt=media&token=c97361ef-dd9f-48b3-9526-01c868dcd5f0'}",Hypercar,
aabFi6MpmKzNuYW48nLY,Lotus,Exige,3M 3247E,487860,Green,Present season Republican so pay something born.,1320,two,"{'url': 'https://firebasestorage.googleapis.com/v0/b/concesionarios-baca.firebasestorage.app/o/uploads%2FLotus_Exige_Cup_Final_Edition_03.webp?alt=media&token=5920068d-4a1f-4437-9bbb-e948bfdd4912', 'large': 'https://firebasestorage.googleapis.com/v0/b/concesionarios-baca.firebasestorage.app/o/uploads%2FLotus_Exige_Cup_Final_Edition_03.webp?alt=media&token=5920068d-4a1f-4437-9bbb-e948bfdd4912', 'medium': 'https://firebasestorage.googleapis.com/v0/b/concesionarios-baca.firebasestorage.app/o/uploads%2FLotus_Exige_Cup_Final_Edition_03.webp?alt=media&token=5920068d-4a1f-4437-9bbb-e948bfdd4912', 'small': 'https://firebasestorage.googleapis.com/v0/b/concesionarios-baca.firebasestorage.app/o/uploads%2FLotus_Exige_Cup_Final_Edition_03.webp?alt=media&token=5920068d-4a1f-4437-9bbb-e948bfdd4912', 'thumbnail': 'https://firebasestorage.googleapis.com/v0/b/concesionarios-baca.firebasestorage.app/o/uploads%2FLotus_Exige_Cup_Final_Edition_03.webp?alt=media&token=5920068d-4a1f-4437-9bbb-e948bfdd4912'}",Coupe,
8B5iRl18u2dyYKhh72qc,Maserati,Quattroporte,BMN 898,2037698,Black,Skill view establish these city continue.,424,four,"{'url': 'https://firebasestorage.googleapis.com/v0/b/concesionarios-baca.firebasestorage.app/o/uploads%2Fmaserati_quattroporte-gts-gransport-2016_r4.webp?alt=media&token=d119d3c9-6b86-4d63-8ef4-63169ab47215', 'large': 'https://firebasestorage.googleapis.com/v0/b/concesionarios-baca.firebasestorage.app/o/uploads%2Fmaserati_quattroporte-gts-gransport-2016_r4.webp?alt=media&token=d119d3c9-6b86-4d63-8ef4-63169ab47215', 'medium': 'https://firebasestorage.googleapis.com/v0/b/concesionarios-baca.firebasestorage.app/o/uploads%2Fmaserati_quattroporte-gts-gransport-2016_r4.webp?alt=media&token=d119d3c9-6b86-4d63-8ef4-63169ab47215', 'small': 'https://firebasestorage.googleapis.com/v0/b/concesionarios-baca.firebasestorage.app/o/uploads%2Fmaserati_quattroporte-gts-gransport-2016_r4.webp?alt=media&token=d119d3c9-6b86-4d63-8ef4-63169ab47215', 'thumbnail': 'https://firebasestorage.googleapis.com/v0/b/concesionarios-baca.firebasestorage.app/o/uploads%2Fmaserati_quattroporte-gts-gransport-2016_r4.webp?alt=media&token=d119d3c9-6b86-4d63-8ef4-63169ab47215'}",Convertible,
9ZEKkaNPkmJY8yTLtPee,Maserati,Levante,LIS-1622,588078,Orange,Stage play beat short reality seven.,1350,two,"{'url': 'https://firebasestorage.googleapis.com/v0/b/concesionarios-baca.firebasestorage.app/o/uploads%2Fmaserati-levante-2024.jpg?alt=media&token=99e963c5-98a8-4302-89a1-91d079e05bad', 'large': 'https://firebasestorage.googleapis.com/v0/b/concesionarios-baca.firebasestorage.app/o/uploads%2Fmaserati-levante-2024.jpg?alt=media&token=99e963c5-98a8-4302-89a1-91d079e05bad', 'medium': 'https://firebasestorage.googleapis.com/v0/b/concesionarios-baca.firebasestorage.app/o/uploads%2Fmaserati-levante-2024.jpg?alt=media&token=99e963c5-98a8-4302-89a1-91d079e05bad', 'small': 'https://firebasestorage.googleapis.com/v0/b/concesionarios-baca.firebasestorage.app/o/uploads%2Fmaserati-levante-2024.jpg?alt=media&token=99e963c5-98a8-4302-89a1-91d079e05bad', 'thumbnail': 'https://firebasestorage.googleapis.com/v0/b/concesionarios-baca.firebasestorage.app/o/uploads%2Fmaserati-levante-2024.jpg?alt=media&token=99e963c5-98a8-4302-89a1-91d079e05bad'}",Convertible,
WWd6a7luqNKfDeiqTrnv,Maserati,Ghibli,1UG79,2353828,Orange,Guess chance their focus issue.,532,two,"{'url': 'https://firebasestorage.googleapis.com/v0/b/concesionarios-baca.firebasestorage.app/o/uploads%2Ffoto---maserati-ghibli-mc-edition.webp?alt=media&token=03396ec7-02cb-4f57-b1fb-48464757eb91', 'large': 'https://firebasestorage.googleapis.com/v0/b/concesionarios-baca.firebasestorage.app/o/uploads%2Ffoto---maserati-ghibli-mc-edition.webp?alt=media&token=03396ec7-02cb-4f57-b1fb-48464757eb91', 'medium': 'https://firebasestorage.googleapis.com/v0/b/concesionarios-baca.firebasestorage.app/o/uploads%2Ffoto---maserati-ghibli-mc-edition.webp?alt=media&token=03396ec7-02cb-4f57-b1fb-48464757eb91', 'small': 'https://firebasestorage.googleapis.com/v0/b/concesionarios-baca.firebasestorage.app/o/uploads%2Ffoto---maserati-ghibli-mc-edition.webp?alt=media&token=03396ec7-02cb-4f57-b1fb-48464757eb91', 'thumbnail': 'https://firebasestorage.googleapis.com/v0/b/concesionarios-baca.firebasestorage.app/o/uploads%2Ffoto---maserati-ghibli-mc-edition.webp?alt=media&token=03396ec7-02cb-4f57-b1fb-48464757eb91'}",Sport,
csAlVKEyhkoGp9T2l1HR,Maserati,GranTurismo,84-HF07,1593504,Black,Adult else firm back unit newspaper.,912,four,"{'url': 'https://firebasestorage.googleapis.com/v0/b/concesionarios-baca.firebasestorage.app/o/uploads%2F1310794.jpg?alt=media&token=85d1fcc2-71d6-42bc-9d8b-80ee738983f0', 'large': 'https://firebasestorage.googleapis.com/v0/b/concesionarios-baca.firebasestorage.app/o/uploads%2F1310794.jpg?alt=media&token=85d1fcc2-71d6-42bc-9d8b-80ee738983f0', 'medium': 'https://firebasestorage.googleapis.com/v0/b/concesionarios-baca.firebasestorage.app/o/uploads%2F1310794.jpg?alt=media&token=85d1fcc2-71d6-42bc-9d8b-80ee738983f0', 'small': 'https://firebasestorage.googleapis.com/v0/b/concesionarios-baca.firebasestorage.app/o/uploads%2F1310794.jpg?alt=media&token=85d1fcc2-71d6-42bc-9d8b-80ee738983f0', 'thumbnail': 'https://firebasestorage.googleapis.com/v0/b/concesionarios-baca.firebasestorage.app/o/uploads%2F1310794.jpg?alt=media&token=85d1fcc2-71d6-42bc-9d8b-80ee738983f0'}",Coupe,
yaWA2JzJezFN0afsdMcL,Maserati,MC20,8-94176,602462,Black,Song marriage year act.,1490,four,No data,Convertible,HfqNHwCg51dqGqguVkfeQz8jn7j2
4D5xzegF1UHW3ihn63XW,McLaren,765LT,YAY 947,796859,Blue,Yourself card full when old eat several.,864,two,"{'url': 'https://firebasestorage.googleapis.com/v0/b/concesionarios-baca.firebasestorage.app/o/uploads%2Fraqc0fhylroix2detzyb.webp?alt=media&token=b06e544c-e93f-4c95-87dc-2d5220b92862', 'large': 'https://firebasestorage.googleapis.com/v0/b/concesionarios-baca.firebasestorage.app/o/uploads%2Fraqc0fhylroix2detzyb.webp?alt=media&token=b06e544c-e93f-4c95-87dc-2d5220b92862', 'medium': 'https://firebasestorage.googleapis.com/v0/b/concesionarios-baca.firebasestorage.app/o/uploads%2Fraqc0fhylroix2detzyb.webp?alt=media&token=b06e544c-e93f-4c95-87dc-2d5220b92862', 'small': 'https://firebasestorage.googleapis.com/v0/b/concesionarios-baca.firebasestorage.app/o/uploads%2Fraqc0fhylroix2detzyb.webp?alt=media&token=b06e544c-e93f-4c95-87dc-2d5220b92862', 'thumbnail': 'https://firebasestorage.googleapis.com/v0/b/concesionarios-baca.firebasestorage.app/o/uploads%2Fraqc0fhylroix2detzyb.webp?alt=media&token=b06e544c-e93f-4c95-87dc-2d5220b92862'}",Coupe,
8qcuQj9WFhxeNTGAHDFM,McLaren,P1,MVF-337,1862966,Blue,Site try feeling degree rich small two.,1261,two,"{'url': 'https://firebasestorage.googleapis.com/v0/b/concesionarios-baca.firebasestorage.app/o/uploads%2F2012-mclaren-p1.jpg?alt=media&token=ab7187d1-a17b-4734-84f6-32ddd3055df3', 'large': 'https://firebasestorage.googleapis.com/v0/b/concesionarios-baca.firebasestorage.app/o/uploads%2F2012-mclaren-p1.jpg?alt=media&token=ab7187d1-a17b-4734-84f6-32ddd3055df3', 'medium': 'https://firebasestorage.googleapis.com/v0/b/concesionarios-baca.firebasestorage.app/o/uploads%2F2012-mclaren-p1.jpg?alt=media&token=ab7187d1-a17b-4734-84f6-32ddd3055df3', 'small': 'https://firebasestorage.googleapis.com/v0/b/concesionarios-baca.firebasestorage.app/o/uploads%2F2012-mclaren-p1.jpg?alt=media&token=ab7187d1-a17b-4734-84f6-32ddd3055df3', 'thumbnail': 'https://firebasestorage.googleapis.com/v0/b/concesionarios-baca.firebasestorage.app/o/uploads%2F2012-mclaren-p1.jpg?alt=media&token=ab7187d1-a17b-4734-84f6-32ddd3055df3'}",SUV,
Yq6yAhfrmJ5fhopx18rn,McLaren,765LT,8146LPQ,380000,Naranja,Edición más extrema del McLaren 720S,765,two,"{'url': 'https://firebasestorage.googleapis.com/v0/b/concesionarios-baca.firebasestorage.app/o/uploads%2F1741335890487_o9dtlcoiw4?alt=media&token=64c8016f-ea39-4163-a4ea-5edee58870ec', 'large': 'https://firebasestorage.googleapis.com/v0/b/concesionarios-baca.firebasestorage.app/o/uploads%2F1741335890487_o9dtlcoiw4?alt=media&token=64c8016f-ea39-4163-a4ea-5edee58870ec', 'medium': 'https://firebasestorage.googleapis.com/v0/b/concesionarios-baca.firebasestorage.app/o/uploads%2F1741335890487_o9dtlcoiw4?alt=media&token=64c8016f-ea39-4163-a4ea-5edee58870ec', 'small': 'https://firebasestorage.googleapis.com/v0/b/concesionarios-baca.firebasestorage.app/o/uploads%2F1741335890487_o9dtlcoiw4?alt=media&token=64c8016f-ea39-4163-a4ea-5edee58870ec', 'thumbnail': 'https://firebasestorage.googleapis.com/v0/b/concesionarios-baca.firebasestorage.app/o/uploads%2F1741335890487_o9dtlcoiw4?alt=media&token=64c8016f-ea39-4163-a4ea-5edee58870ec'}",Coupé,
fMn48XeSpXnP9YzOFnZx,McLaren,Artura,327-NVW,421050,White,Exactly strong than debate.,1572,two,"{'url': 'https://firebasestorage.googleapis.com/v0/b/concesionarios-baca.firebasestorage.app/o/uploads%2FMcLaren_Artura_05.webp?alt=media&token=c0c503d6-90a0-47e0-8191-d5ba00b00801', 'large': 'https://firebasestorage.googleapis.com/v0/b/concesionarios-baca.firebasestorage.app/o/uploads%2FMcLaren_Artura_05.webp?alt=media&token=c0c503d6-90a0-47e0-8191-d5ba00b00801', 'medium': 'https://firebasestorage.googleapis.com/v0/b/concesionarios-baca.firebasestorage.app/o/uploads%2FMcLaren_Artura_05.webp?alt=media&token=c0c503d6-90a0-47e0-8191-d5ba00b00801', 'small': 'https://firebasestorage.googleapis.com/v0/b/concesionarios-baca.firebasestorage.app/o/uploads%2FMcLaren_Artura_05.webp?alt=media&token=c0c503d6-90a0-47e0-8191-d5ba00b00801', 'thumbnail': 'https://firebasestorage.googleapis.com/v0/b/concesionarios-baca.firebasestorage.app/o/uploads%2FMcLaren_Artura_05.webp?alt=media&token=c0c503d6-90a0-47e0-8191-d5ba00b00801'}",SUV,
jIYwciwNY2Gp9qKFAQfv,McLaren,GT,763 BWC,923029,Silver,Benefit help fact look.,1193,four,No data,Sport,
xaTCN3HQCKXuMYMPmPGs,McLaren,720S,UPY9985,2100497,Red,Trial early family fact.,692,three,No data,Hypercar,
SZ1RYRxMhqmbPLCj8qll,Pagani,Huayra,618 7GW,2156825,Orange,Rich successful have allow rise.,393,four,"{'url': 'https://firebasestorage.googleapis.com/v0/b/concesionarios-baca.firebasestorage.app/o/uploads%2Fpagani-huayra-r-1616086455.avif?alt=media&token=6ea1b9fc-fb59-43f3-8014-3dfb3ca45682', 'large': 'https://firebasestorage.googleapis.com/v0/b/concesionarios-baca.firebasestorage.app/o/uploads%2Fpagani-huayra-r-1616086455.avif?alt=media&token=6ea1b9fc-fb59-43f3-8014-3dfb3ca45682', 'medium': 'https://firebasestorage.googleapis.com/v0/b/concesionarios-baca.firebasestorage.app/o/uploads%2Fpagani-huayra-r-1616086455.avif?alt=media&token=6ea1b9fc-fb59-43f3-8014-3dfb3ca45682', 'small': 'https://firebasestorage.googleapis.com/v0/b/concesionarios-baca.firebasestorage.app/o/uploads%2Fpagani-huayra-r-1616086455.avif?alt=media&token=6ea1b9fc-fb59-43f3-8014-3dfb3ca45682', 'thumbnail': 'https://firebasestorage.googleapis.com/v0/b/concesionarios-baca.firebasestorage.app/o/uploads%2Fpagani-huayra-r-1616086455.avif?alt=media&token=6ea1b9fc-fb59-43f3-8014-3dfb3ca45682'}",Sport,
Xci07Nq2Ndf8PsQgdWJI,Pagani,C12,5V W8707,2263633,Black,All blood air become unit care evidence.,465,two,"{'url': 'https://firebasestorage.googleapis.com/v0/b/concesionarios-baca.firebasestorage.app/o/uploads%2Fpagani-zonda-c12-prototipo-ii.jpg?alt=media&token=178e21fc-e693-41c8-8c9b-a8670c7c8141', 'large': 'https://firebasestorage.googleapis.com/v0/b/concesionarios-baca.firebasestorage.app/o/uploads%2Fpagani-zonda-c12-prototipo-ii.jpg?alt=media&token=178e21fc-e693-41c8-8c9b-a8670c7c8141', 'medium': 'https://firebasestorage.googleapis.com/v0/b/concesionarios-baca.firebasestorage.app/o/uploads%2Fpagani-zonda-c12-prototipo-ii.jpg?alt=media&token=178e21fc-e693-41c8-8c9b-a8670c7c8141', 'small': 'https://firebasestorage.googleapis.com/v0/b/concesionarios-baca.firebasestorage.app/o/uploads%2Fpagani-zonda-c12-prototipo-ii.jpg?alt=media&token=178e21fc-e693-41c8-8c9b-a8670c7c8141', 'thumbnail': 'https://firebasestorage.googleapis.com/v0/b/concesionarios-baca.firebasestorage.app/o/uploads%2Fpagani-zonda-c12-prototipo-ii.jpg?alt=media&token=178e21fc-e693-41c8-8c9b-a8670c7c8141'}",Sport,
l0Wdp70kbc9njsChhdO9,Pagani,Zonda,2OW1998,1438042,Orange,Wish chair bit level arrive.,1022,two,No data,Hypercar,
nMYx183kyFJdOjkfeCjM,Pagani,Imola,521-KGC,179771,Green,Experience campaign write.,777,four,No data,Coupe,
uPoAmT47yRSFL8Hwggw8,Pagani,Utopia,252-135,871453,Orange,Look determine represent possible improve picture.,1143,three,No data,Sport,HfqNHwCg51dqGqguVkfeQz8jn7j2
4GaMXGAs8LLrGGefD6Zv,Porsche,911 Turbo,JGE3273,1144962,White,Send song you.,692,three,"{'url': 'https://firebasestorage.googleapis.com/v0/b/concesionarios-baca.firebasestorage.app/o/uploads%2FPLA22_1125_fine.jpg?alt=media&token=b342518b-de8d-4c5b-986b-939f7698a7f8', 'large': 'https://firebasestorage.googleapis.com/v0/b/concesionarios-baca.firebasestorage.app/o/uploads%2FPLA22_1125_fine.jpg?alt=media&token=b342518b-de8d-4c5b-986b-939f7698a7f8', 'medium': 'https://firebasestorage.googleapis.com/v0/b/concesionarios-baca.firebasestorage.app/o/uploads%2FPLA22_1125_fine.jpg?alt=media&token=b342518b-de8d-4c5b-986b-939f7698a7f8', 'small': 'https://firebasestorage.googleapis.com/v0/b/concesionarios-baca.firebasestorage.app/o/uploads%2FPLA22_1125_fine.jpg?alt=media&token=b342518b-de8d-4c5b-986b-939f7698a7f8', 'thumbnail': 'https://firebasestorage.googleapis.com/v0/b/concesionarios-baca.firebasestorage.app/o/uploads%2FPLA22_1125_fine.jpg?alt=media&token=b342518b-de8d-4c5b-986b-939f7698a7f8'}",Convertible,
AaJmGjRCtAvxIlUCFm1A,Porsche,Cayman,KSJ 046,2036255,Orange,Politics physical we cup term have.,994,three,"{'url': 'https://firebasestorage.googleapis.com/v0/b/concesionarios-baca.firebasestorage.app/o/uploads%2Fporsche_718-cayman-982c-2016_r11.webp?alt=media&token=cfd4608e-1e04-4f4d-b46f-f53f55e60679', 'large': 'https://firebasestorage.googleapis.com/v0/b/concesionarios-baca.firebasestorage.app/o/uploads%2Fporsche_718-cayman-982c-2016_r11.webp?alt=media&token=cfd4608e-1e04-4f4d-b46f-f53f55e60679', 'medium': 'https://firebasestorage.googleapis.com/v0/b/concesionarios-baca.firebasestorage.app/o/uploads%2Fporsche_718-cayman-982c-2016_r11.webp?alt=media&token=cfd4608e-1e04-4f4d-b46f-f53f55e60679', 'small': 'https://firebasestorage.googleapis.com/v0/b/concesionarios-baca.firebasestorage.app/o/uploads%2Fporsche_718-cayman-982c-2016_r11.webp?alt=media&token=cfd4608e-1e04-4f4d-b46f-f53f55e60679', 'thumbnail': 'https://firebasestorage.googleapis.com/v0/b/concesionarios-baca.firebasestorage.app/o/uploads%2Fporsche_718-cayman-982c-2016_r11.webp?alt=media&token=cfd4608e-1e04-4f4d-b46f-f53f55e60679'}",SUV,
O6w13DDTfYrzY3PvMWVG,Porsche,Macan,309 PZQ,2815196,Black,Strong clearly evening federal.,1016,four,"{'url': 'https://firebasestorage.googleapis.com/v0/b/concesionarios-baca.firebasestorage.app/o/uploads%2Ff91ab6ef9bdfdc2e3679fa80fd71bdcb.webp?alt=media&token=d3fac6d0-e3ce-4284-9227-8b97e807f387', 'large': 'https://firebasestorage.googleapis.com/v0/b/concesionarios-baca.firebasestorage.app/o/uploads%2Ff91ab6ef9bdfdc2e3679fa80fd71bdcb.webp?alt=media&token=d3fac6d0-e3ce-4284-9227-8b97e807f387', 'medium': 'https://firebasestorage.googleapis.com/v0/b/concesionarios-baca.firebasestorage.app/o/uploads%2Ff91ab6ef9bdfdc2e3679fa80fd71bdcb.webp?alt=media&token=d3fac6d0-e3ce-4284-9227-8b97e807f387', 'small': 'https://firebasestorage.googleapis.com/v0/b/concesionarios-baca.firebasestorage.app/o/uploads%2Ff91ab6ef9bdfdc2e3679fa80fd71bdcb.webp?alt=media&token=d3fac6d0-e3ce-4284-9227-8b97e807f387', 'thumbnail': 'https://firebasestorage.googleapis.com/v0/b/concesionarios-baca.firebasestorage.app/o/uploads%2Ff91ab6ef9bdfdc2e3679fa80fd71bdcb.webp?alt=media&token=d3fac6d0-e3ce-4284-9227-8b97e807f387'}",Convertible,
SOgCeNlcNttQZF6qamiE,Porsche,Panamera,9O X2324,2327595,Blue,Price prove move machine early party.,1088,two,"{'url': 'https://firebasestorage.googleapis.com/v0/b/concesionarios-baca.firebasestorage.app/o/uploads%2F2025-porsche-panamera-turbo-s-e-hybrid.webp?alt=media&token=b02d83b4-00e1-4226-80c7-e52ae1a00885', 'large': 'https://firebasestorage.googleapis.com/v0/b/concesionarios-baca.firebasestorage.app/o/uploads%2F2025-porsche-panamera-turbo-s-e-hybrid.webp?alt=media&token=b02d83b4-00e1-4226-80c7-e52ae1a00885', 'medium': 'https://firebasestorage.googleapis.com/v0/b/concesionarios-baca.firebasestorage.app/o/uploads%2F2025-porsche-panamera-turbo-s-e-hybrid.webp?alt=media&token=b02d83b4-00e1-4226-80c7-e52ae1a00885', 'small': 'https://firebasestorage.googleapis.com/v0/b/concesionarios-baca.firebasestorage.app/o/uploads%2F2025-porsche-panamera-turbo-s-e-hybrid.webp?alt=media&token=b02d83b4-00e1-4226-80c7-e52ae1a00885', 'thumbnail': 'https://firebasestorage.googleapis.com/v0/b/concesionarios-baca.firebasestorage.app/o/uploads%2F2025-porsche-panamera-turbo-s-e-hybrid.webp?alt=media&token=b02d83b4-00e1-4226-80c7-e52ae1a00885'}",Sport,
b9CvFZarGjMnuXiOvEDo,Porsche,Taycan,Z88 8NZ,290703,Orange,Home course risk.,1552,four,"{'url': 'https://firebasestorage.googleapis.com/v0/b/concesionarios-baca.firebasestorage.app/o/uploads%2F2025-porsche-taycan-gts.jpg?alt=media&token=89658aa9-4bbe-44fe-b302-d306f1169dcd', 'large': 'https://firebasestorage.googleapis.com/v0/b/concesionarios-baca.firebasestorage.app/o/uploads%2F2025-porsche-taycan-gts.jpg?alt=media&token=89658aa9-4bbe-44fe-b302-d306f1169dcd', 'medium': 'https://firebasestorage.googleapis.com/v0/b/concesionarios-baca.firebasestorage.app/o/uploads%2F2025-porsche-taycan-gts.jpg?alt=media&token=89658aa9-4bbe-44fe-b302-d306f1169dcd', 'small': 'https://firebasestorage.googleapis.com/v0/b/concesionarios-baca.firebasestorage.app/o/uploads%2F2025-porsche-taycan-gts.jpg?alt=media&token=89658aa9-4bbe-44fe-b302-d306f1169dcd', 'thumbnail': 'https://firebasestorage.googleapis.com/v0/b/concesionarios-baca.firebasestorage.app/o/uploads%2F2025-porsche-taycan-gts.jpg?alt=media&token=89658aa9-4bbe-44fe-b302-d306f1169dcd'}",Hypercar,
blWiItn19cCtxHUYaUKO,Porsche,911 Turbo S,8246CWV,250000,Gris,Tración 4x4,650,two,"{'url': 'https://firebasestorage.googleapis.com/v0/b/concesionarios-baca.firebasestorage.app/o/uploads%2Firis.webp?alt=media&token=af723b5d-61b6-4826-a6c8-b8e9558dcb76', 'large': 'https://firebasestorage.googleapis.com/v0/b/concesionarios-baca.firebasestorage.app/o/uploads%2Firis.webp?alt=media&token=af723b5d-61b6-4826-a6c8-b8e9558dcb76', 'medium': 'https://firebasestorage.googleapis.com/v0/b/concesionarios-baca.firebasestorage.app/o/uploads%2Firis.webp?alt=media&token=af723b5d-61b6-4826-a6c8-b8e9558dcb76', 'small': 'https://firebasestorage.googleapis.com/v0/b/concesionarios-baca.firebasestorage.app/o/uploads%2Firis.webp?alt=media&token=af723b5d-61b6-4826-a6c8-b8e9558dcb76', 'thumbnail': 'https://firebasestorage.googleapis.com/v0/b/concesionarios-baca.firebasestorage.app/o/uploads%2Firis.webp?alt=media&token=af723b5d-61b6-4826-a6c8-b8e9558dcb76'}",Coupé,
ntdKKAa7Zetqqyw2znEA,Rolls-Royce,Phantom,8786GJP,460000,Gris,Cásico con motor V12,563,four,"{'url': 'https://firebasestorage.googleapis.com/v0/b/concesionarios-baca.firebasestorage.app/o/uploads%2F1741336257024_ph8c3n94u?alt=media&token=049e054c-5487-46ab-83ad-048a3b40b1ae', 'large': 'https://firebasestorage.googleapis.com/v0/b/concesionarios-baca.firebasestorage.app/o/uploads%2F1741336257024_ph8c3n94u?alt=media&token=049e054c-5487-46ab-83ad-048a3b40b1ae', 'medium': 'https://firebasestorage.googleapis.com/v0/b/concesionarios-baca.firebasestorage.app/o/uploads%2F1741336257024_ph8c3n94u?alt=media&token=049e054c-5487-46ab-83ad-048a3b40b1ae', 'small': 'https://firebasestorage.googleapis.com/v0/b/concesionarios-baca.firebasestorage.app/o/uploads%2F1741336257024_ph8c3n94u?alt=media&token=049e054c-5487-46ab-83ad-048a3b40b1ae', 'thumbnail': 'https://firebasestorage.googleapis.com/v0/b/concesionarios-baca.firebasestorage.app/o/uploads%2F1741336257024_ph8c3n94u?alt=media&token=049e054c-5487-46ab-83ad-048a3b40b1ae'}",Sedán,
